url_path,views_total,views_unique
/csyhuang/hn2016_falwa,89,13
/csyhuang/hn2016_falwa/tree/master/falwa,27,4
/csyhuang/hn2016_falwa/discussions/125,22,4
/csyhuang/hn2016_falwa/blob/master/falwa/oopinterface.py,20,4
/csyhuang/hn2016_falwa/tree/master/falwa/f90_modules,18,3
/csyhuang/hn2016_falwa/graphs/traffic,18,1
/csyhuang/hn2016_falwa/pulse,17,1
/csyhuang/hn2016_falwa/discussions,14,3
/csyhuang/hn2016_falwa/blob/master/falwa/f90_modules/compute_lwa_and_barotropic_fluxes.f90,12,3
/csyhuang/hn2016_falwa/tree/master/.github/workflows,11,2
